epoch,epoch_reward_history,step
0,-219.7821807861328,312
1,-305.294921875,625
2,-115.92479705810547,938
3,-146.38250732421875,1251
