epoch,epoch_reward_history,step
0,-422.47332763671875,312
1,-98.90825653076172,625
2,-191.31497192382812,938
3,-386.0599365234375,1251
4,-504.2159423828125,1564
