epoch,epoch_reward_history,step
0,-147.4152069091797,312
1,-237.6419677734375,625
2,-68.101806640625,938
