epoch,epoch_reward_history,step
0,-62.23938751220703,6
1,-54.74601745605469,13
2,-232.4315185546875,20
3,-117.13651275634766,27
4,-528.0407104492188,34
