epoch,epoch_reward_history,step
0,-2.212449312210083,312
1,-2.407879590988159,625
2,-3.185997724533081,938
3,-3.1419177055358887,1251
4,-7.830603122711182,1564
5,-8.913862228393555,1877
