epoch,epoch_reward_history,step
0,-85.82757568359375,6
1,-295.54217529296875,13
2,-224.87490844726562,20
3,-145.58297729492188,27
