episode/Q-Error,epoch,epoch_reward_history,step
,0,-4.40386438369751,6
,1,-4.66445779800415,13
,2,-2.642559766769409,20
,3,-4.624691486358643,27
,4,-5.645013332366943,34
,5,-12.183220863342285,41
,6,-11.220850944519043,48
0.009476547122301863,7,,49
,7,-3.1293301582336426,55
,8,-3.4203667640686035,62
,9,-3.1038906574249268,69
,10,-9.21068000793457,76
,11,-3.3719606399536133,83
