epoch,epoch_reward_history,step
0,-188.28433227539062,312
1,-282.1853942871094,625
