epoch,epoch_reward_history,step
0,-149.9896697998047,312
1,-491.7799377441406,625
2,-42.282344818115234,938
3,-165.75926208496094,1251
4,-207.66058349609375,1564
5,-754.1697998046875,1877
